{"start_time": 1548433297.9555454, "end_time": 1548433807.0897539, "run_status": "aborted"}