{"start_time": 1547669944.6483686, "run_status": "aborted", "end_time": 1547670028.1935458}