{"run_status": "running", "end_time": 1547670028.1935458, "start_time": 1547671578.5523252}