{
  "return_mean": [
    11.222222222222221,
    9.0,
    11.777777777777779,
    10.1,
    7.230769230769231,
    9.272727272727273,
    8.818181818181818,
    9.0,
    8.636363636363637,
    8.083333333333334,
    8.0,
    7.142857142857143,
    8.75,
    22.4,
    33.666666666666664,
    45.333333333333336,
    36.5,
    72.0,
    34.666666666666664,
    52.5,
    33.666666666666664,
    61.0,
    13.4,
    32.5,
    34.0,
    63.0,
    55.0,
    16.0
  ],
  "return_mean_T": [
    101,
    200,
    306,
    407,
    501,
    603,
    700,
    808,
    903,
    1000,
    1104,
    1204,
    1309,
    1421,
    1522,
    1658,
    1731,
    1803,
    1907,
    2012,
    2113,
    2235,
    2302,
    2432,
    2500,
    2626,
    2791,
    2807
  ],
  "testreturn_mean": [
    20.0,
    27.0,
    25.0,
    21.0,
    21.0,
    26.0,
    15.0,
    31.0,
    22.0,
    19.0,
    18.0,
    10.0,
    7.0,
    13.0,
    62.0,
    69.0,
    40.0,
    43.0,
    44.0,
    45.0,
    42.0,
    45.0,
    1000.0,
    57.0,
    101.0,
    1000.0,
    51.0,
    107.0,
    51.0
  ],
  "testreturn_mean_T": [
    0,
    101,
    200,
    306,
    407,
    501,
    603,
    700,
    808,
    903,
    1000,
    1104,
    1204,
    1309,
    1421,
    1522,
    1658,
    1731,
    1803,
    1907,
    2012,
    2113,
    2235,
    2302,
    2432,
    2500,
    2626,
    2791,
    2807
  ]
}