{
  "return_mean": [
    8.75,
    9.181818181818182,
    7.461538461538462,
    11.0,
    7.769230769230769,
    9.454545454545455,
    8.545454545454545,
    9.0,
    8.0,
    9.7,
    7.5,
    15.0,
    27.75,
    27.333333333333332,
    28.75,
    41.5,
    34.666666666666664,
    32.75,
    21.333333333333332,
    25.75,
    28.75,
    44.5,
    59.5,
    40.0,
    55.0,
    54.0,
    38.666666666666664,
    42.0,
    44.0,
    42.0,
    55.0,
    47.333333333333336,
    60.0,
    61.5,
    28.5,
    96.0,
    29.25,
    35.666666666666664,
    31.5,
    43.0,
    45.0,
    47.666666666666664
  ],
  "return_mean_T": [
    105,
    206,
    303,
    402,
    503,
    607,
    701,
    800,
    904,
    1001,
    1106,
    1211,
    1322,
    1404,
    1519,
    1602,
    1706,
    1837,
    1901,
    2004,
    2119,
    2208,
    2327,
    2447,
    2502,
    2610,
    2726,
    2810,
    2942,
    3026,
    3136,
    3278,
    3338,
    3461,
    3518,
    3614,
    3731,
    3838,
    3901,
    4030,
    4120,
    4263
  ],
  "testreturn_mean": [
    16.0,
    21.0,
    13.0,
    22.0,
    13.0,
    24.0,
    14.0,
    44.0,
    14.0,
    16.0,
    11.0,
    11.0,
    29.0,
    23.0,
    37.0,
    43.0,
    43.0,
    67.0,
    40.0,
    39.0,
    37.0,
    45.0,
    41.0,
    41.0,
    43.0,
    52.0,
    66.0,
    49.0,
    67.0,
    45.0,
    41.0,
    44.0,
    56.0,
    64.0,
    63.0,
    80.0,
    50.0,
    61.0,
    88.0,
    67.0,
    70.0,
    73.0
  ],
  "testreturn_mean_T": [
    0,
    105,
    206,
    303,
    402,
    503,
    607,
    701,
    800,
    904,
    1001,
    1106,
    1211,
    1322,
    1404,
    1519,
    1602,
    1706,
    1837,
    1901,
    2004,
    2119,
    2208,
    2327,
    2447,
    2502,
    2610,
    2726,
    2810,
    2942,
    3026,
    3136,
    3278,
    3338,
    3461,
    3518,
    3614,
    3731,
    3838,
    3901,
    4030,
    4120
  ]
}