{
  "return_mean": [
    11.9,
    7.545454545454546,
    9.363636363636363,
    11.11111111111111,
    7.769230769230769,
    8.75,
    10.222222222222221,
    9.0,
    9.3,
    9.6,
    8.416666666666666,
    8.333333333333334,
    10.181818181818182,
    48.5,
    45.0,
    19.666666666666668,
    34.0,
    37.0,
    36.0,
    25.5,
    29.0,
    43.5,
    29.333333333333332,
    33.666666666666664,
    38.333333333333336,
    58.0,
    22.666666666666668,
    40.666666666666664,
    30.0,
    24.25,
    108.0,
    35.333333333333336,
    47.5,
    32.333333333333336,
    26.25,
    104.0
  ],
  "return_mean_T": [
    119,
    202,
    305,
    405,
    506,
    611,
    703,
    811,
    904,
    1000,
    1101,
    1201,
    1313,
    1410,
    1545,
    1604,
    1740,
    1814,
    1958,
    2009,
    2125,
    2212,
    2300,
    2401,
    2516,
    2632,
    2700,
    2822,
    2912,
    3009,
    3117,
    3223,
    3318,
    3415,
    3520,
    3624
  ],
  "testreturn_mean": [
    43.0,
    23.0,
    31.0,
    34.0,
    20.0,
    25.0,
    37.0,
    23.0,
    39.0,
    22.0,
    35.0,
    12.0,
    16.0,
    48.0,
    46.0,
    42.0,
    57.0,
    49.0,
    42.0,
    43.0,
    42.0,
    49.0,
    63.0,
    56.0,
    46.0,
    50.0,
    68.0,
    70.0,
    114.0,
    186.0,
    47.0,
    400.0,
    1000.0,
    55.0,
    57.0,
    158.0
  ],
  "testreturn_mean_T": [
    0,
    119,
    202,
    305,
    405,
    506,
    611,
    703,
    811,
    904,
    1000,
    1101,
    1201,
    1313,
    1410,
    1545,
    1604,
    1740,
    1814,
    1958,
    2009,
    2125,
    2212,
    2300,
    2401,
    2516,
    2632,
    2700,
    2822,
    2912,
    3009,
    3117,
    3223,
    3318,
    3415,
    3520
  ]
}