{
  "return_mean": [
    -11.990470167239412,
    -92.9224549380444,
    -235.38584018685546,
    -401.53401446756016,
    -262.84976771489545,
    -290.62921330382017,
    -402.3253699151535,
    -525.4080372440437,
    -654.8380897634347,
    -397.83754817734905,
    -472.08811025159906,
    -361.48009323872714,
    -185.57288107830746,
    -153.06258199787675,
    -406.699577031633,
    -335.71033886914273,
    -388.16453532874834,
    -501.5746821272758,
    -329.2503305993365,
    -500.561472453805,
    -248.14911636819826,
    -524.7151768469392,
    -473.6407214994178,
    -388.24056112692625,
    -281.0215257247841,
    -349.3855458913425,
    -324.5812672337673,
    -436.5581898479849,
    -57.95689248586039,
    -482.6913580452613,
    -319.9987565004887,
    -418.60810426420915,
    -475.7841005339744,
    -509.6017028919363,
    -376.3749922502947,
    -392.45388778511824,
    -421.4712609867902,
    -399.0943078645306,
    -663.6610723182381,
    -413.563008407512,
    -418.0161693902795,
    -411.9232969702672,
    -409.30790245888346,
    -424.88918733883355,
    -377.5405571408043,
    -318.5065832317551,
    -667.5392569673241,
    -195.29416405237419,
    -455.64447579398654,
    -563.6362087243342,
    -469.8305043123884,
    -571.4337495185591,
    -438.3053102755832,
    -356.2617675197951,
    -576.9571914889449,
    -358.77762267548934,
    -536.5918360097754,
    -567.4910823943786,
    -540.29347176232,
    -385.2120687255261,
    -543.0085657821988,
    -338.11474013412857,
    -328.21585716421623,
    -506.44258853082385,
    -455.04708691623154,
    -540.8372408657183,
    -312.2393588845449,
    -241.12871431383184,
    -185.79753654352837,
    -57.91738784429943,
    -267.6304688583804,
    -63.74447491742935,
    -288.09470009704654,
    -363.89245419017004,
    -29.320801155430853,
    -131.54133067908825,
    -33.47157995066131,
    -43.04893796845078,
    63.894303796974036,
    -37.23816723498409,
    41.49900606275888,
    -71.08326939469828,
    -232.98726713260695,
    -577.1583939370922,
    -48.253961816636526,
    -129.64904462179197,
    -233.35251002219914,
    34.539935355407,
    79.16276735844886,
    -46.56166256298701,
    76.56033720274046,
    -165.35538831894493,
    -153.81381487369828,
    -137.0918408943722,
    -219.23093226398748,
    -16.85611383087938,
    -0.7688108960610687,
    -234.4343665138057,
    -32.5517293697393
  ],
  "return_mean_T": [
    1000,
    2000,
    3000,
    4000,
    5000,
    6000,
    7000,
    8000,
    9000,
    10000,
    11000,
    12000,
    13000,
    14000,
    15000,
    16000,
    17000,
    18000,
    19000,
    20000,
    21000,
    22000,
    23000,
    24000,
    25000,
    26000,
    27000,
    28000,
    29000,
    30000,
    31000,
    32000,
    33000,
    34000,
    35000,
    36000,
    37000,
    38000,
    39000,
    40000,
    41000,
    42000,
    43000,
    44000,
    45000,
    46000,
    47000,
    48000,
    49000,
    50000,
    51000,
    52000,
    53000,
    54000,
    55000,
    56000,
    57000,
    58000,
    59000,
    60000,
    61000,
    62000,
    63000,
    64000,
    65000,
    66000,
    67000,
    68000,
    69000,
    70000,
    71000,
    72000,
    73000,
    74000,
    75000,
    76000,
    77000,
    78000,
    79000,
    80000,
    81000,
    82000,
    83000,
    84000,
    85000,
    86000,
    87000,
    88000,
    89000,
    90000,
    91000,
    92000,
    93000,
    94000,
    95000,
    96000,
    97000,
    98000,
    99000
  ],
  "testreturn_mean": [
    -0.5458964455391996,
    0.10135566127450062,
    -379.3353615188287,
    -322.9668310320129,
    -455.17831251834536,
    -175.29842496546516,
    -606.0178538549129,
    -132.99592006174603,
    -537.540157528712,
    -94.7457469482965,
    -430.48099039124565,
    -507.71066231779275,
    -302.90053564810745,
    -307.2931482513625,
    -360.04372139858214,
    -478.17717056994707,
    -502.3315960818749,
    -330.55837353829645,
    -428.2609036252154,
    -94.83916281086978,
    -503.70054841671913,
    -295.73297701862293,
    -368.0737089177596,
    -386.83020197390175,
    -423.121373257266,
    -221.00032604867633,
    -297.0591732052525,
    -306.387005151712,
    -424.2869956127483,
    -470.4085785332965,
    -452.1486157314579,
    -414.2992110278751,
    -158.42987026949262,
    -319.5940441716822,
    -224.44108799146636,
    -377.82900421257494,
    -372.66580767927036,
    -316.5507154112832,
    -299.6709069818999,
    -384.5872479166387,
    -553.197366983089,
    -404.215665742692,
    -219.7957702098244,
    -748.4736549256894,
    -382.275498066448,
    -358.03794328744766,
    -435.04462856746767,
    -435.1059630698654,
    -455.177409701591,
    -727.5173301949369,
    -534.6891146494444,
    -475.15679649177287,
    -540.2126135479966,
    -476.8022581655201,
    -428.05122389802426,
    -557.4925517207919,
    -553.4680382836626,
    -300.6000276572966,
    -628.0369075797827,
    -503.59318074288757,
    -408.7399974884174,
    -482.61102320706584,
    -565.224003878796,
    -457.8042094696077,
    -338.1163455112009,
    -454.95577711562777,
    -493.04442231902004,
    -322.66192101499024,
    -378.73669025987454,
    -760.2193321034633,
    -351.2720318457394,
    -229.2449623751972,
    -491.584468653085,
    -350.02233881575364,
    -711.6656983104771,
    -801.6705667926211,
    -113.3270032506731,
    -130.75545895007318,
    37.55778715987297,
    -82.7530755439034,
    -127.18720030128456,
    -40.14058921985319,
    -186.99979360790152,
    50.8808280886074,
    62.51993096047264,
    54.70810420270582,
    -361.3121729111397,
    -246.84171092930302,
    -314.3695678062234,
    -66.57256396233564,
    -308.2289812323832,
    113.75653093690259,
    -144.88180324048713,
    -139.0864148475033,
    -292.5936536932649,
    -125.46050368784044,
    -187.21944037174202,
    -232.83270129079216,
    -198.8803688185866
  ],
  "testreturn_mean_T": [
    0,
    1000,
    2000,
    3000,
    4000,
    5000,
    6000,
    7000,
    8000,
    9000,
    10000,
    11000,
    12000,
    13000,
    14000,
    15000,
    16000,
    17000,
    18000,
    19000,
    20000,
    21000,
    22000,
    23000,
    24000,
    25000,
    26000,
    27000,
    28000,
    29000,
    30000,
    31000,
    32000,
    33000,
    34000,
    35000,
    36000,
    37000,
    38000,
    39000,
    40000,
    41000,
    42000,
    43000,
    44000,
    45000,
    46000,
    47000,
    48000,
    49000,
    50000,
    51000,
    52000,
    53000,
    54000,
    55000,
    56000,
    57000,
    58000,
    59000,
    60000,
    61000,
    62000,
    63000,
    64000,
    65000,
    66000,
    67000,
    68000,
    69000,
    70000,
    71000,
    72000,
    73000,
    74000,
    75000,
    76000,
    77000,
    78000,
    79000,
    80000,
    81000,
    82000,
    83000,
    84000,
    85000,
    86000,
    87000,
    88000,
    89000,
    90000,
    91000,
    92000,
    93000,
    94000,
    95000,
    96000,
    97000,
    98000
  ]
}