{
  "return_mean": [
    11.583333333333334,
    9.75,
    7.7272727272727275,
    9.363636363636363,
    7.6923076923076925,
    7.714285714285714,
    9.3,
    8.583333333333334,
    8.545454545454545,
    10.2,
    8.083333333333334,
    11.333333333333334,
    8.076923076923077,
    7.0,
    8.416666666666666
  ],
  "return_mean_T": [
    139,
    217,
    302,
    405,
    505,
    613,
    706,
    809,
    903,
    1005,
    1102,
    1204,
    1309,
    1400,
    1501
  ],
  "testreturn_mean": [
    20.0,
    27.0,
    38.0,
    24.0,
    29.0,
    24.0,
    25.0,
    24.0,
    24.0,
    21.0,
    26.0,
    17.0,
    18.0,
    17.0,
    10.0,
    9.0
  ],
  "testreturn_mean_T": [
    0,
    139,
    217,
    302,
    405,
    505,
    613,
    706,
    809,
    903,
    1005,
    1102,
    1204,
    1309,
    1400,
    1501
  ]
}